da,db,epsilon,dist
MNIST-none,USPS,0.0001,1293.126220703125
MNIST-center_crop,USPS,0.0001,925.6815185546875
MNIST-rot_90,USPS,0.0001,1571.259033203125
